{
  "config": {
    "第二部分1-3-3、1-3-4 中证天通会计师事务所（特殊普通合伙）访谈记录【需要签字】.docx": [
      {
        "image": "盖章页文件_1.png",
        "position": -1
      }
    ],
    "第二部分1-3-5【项目组】26华远陆港公司债-履行普通注意义务的相关记录【需要签字】.docx": [
      {
        "image": "盖章页文件_2.png",
        "position": 1
      }
    ],
    "第二部分1-7【项目组】关于本次债券是否存在涉贿情况的自查文件.docx": [
      {
        "image": "盖章页文件_3.png",
        "position": -1
      }
    ],
    "第二部分1-9【项目组】公司债券项目尽职调查报告-25晋能电力公司债【最后更新】.docx": [
      {
        "image": "盖章页文件_4.png",
        "position": -1
      }
    ]
  }
}